Cluster Label,0,1,2,3,4,5
,,,,,,maps\1006b (Duel of the Fates - Epic Version - TheCrumb)
,maps\10955 (Dreams - TechButterfly),,,,,
,maps\10c7a (Irish Banger - Interz),,,,,
,maps\10f6b (Say So - Hoppaw),,,,,
,,,,,,maps\10fbd (Yesterday - EmotionalFlight)
,,,"maps\111cf (Youre Gonna Go Far, Kid - Uninstaller)",,,
,,,maps\113e3 (Monster - Layanmeta),,,
,,,maps\11a6e (Cant Take My Eyes Off You - smalldongstudios),,,
,,maps\11b13 (Buffy the Vampire Slayer Theme - AndroGeek),,,,
,,,,,,maps\11eab (Obstacle 1 - ExistenceExpire)
,maps\12092 (Here We Go Go Go - HellBoundLycan),,,,,
,maps\12162 (Fresh! - ItsVasili),,,,,
,maps\121b0 (Release The Kraken - LOBSTERRR),,,,,
,,maps\12472 (The Queen of Swing - Ryger),,,,
,maps\12717 (Cynical - almighty cutie),,,,,
,,maps\12752 (Walk This Way - Fvrwvrd),,,,
,,,,,,maps\12859 (Jesus of Suburbia - Bytrius)
,,,,,,maps\128fc (In the Blood - Zelazowa)
,maps\12be7 (The Pretender - Interz),,,,,
,,maps\12f69 (Policy of Truth - Pyrowarfare),,,,
,,,,,,maps\12fbf (Hit That - Ryger)
,maps\1330f (Highway 27 - mxmmix),,,,,
,maps\1357d (Halo - Pyrowarfare),,,,,
,maps\135a (Milosh - Zade),,,,,
,,,maps\13760 (Dancing Queen - Majorpickle),,,
,,,maps\13a7a (No Escape - Zelazowa),,,
,,maps\13b4c (Toss The Feathers - Majorpickle),,,,
,,maps\13bcf (Around the World - Alekcake),,,,
,,maps\13ce2 (Un Monde Parfait - Lonely & Bytrius),,,,
,,,,,maps\14022 (Hades God of the Dead - Mastr3d),
,,,maps\1409 (I Hate Myself For Loving You - Joeyjo10),,,
,,maps\141 (Gangnam Style - greatyazer),,,,
,,maps\14171 (Cuphead Theme (Daredevil) Wallop! - Jevk),,,,
,,,,,,maps\14427 (Kingslayer - muffn & altrewin)
,,maps\144c0 (Bees Gees Mashup - Alekcake),,,,
,,maps\145a8 (Firestarter - Alekcake),,,,
,,,,maps\147e (Skyrim Theme - Song of the Dragonborn - whattheshark),,
,,maps\14c26 (La Isla Bonita - Majorpickle),,,,
,,maps\14d5a (What you Waiting For - SKYMAN),,,,
,,maps\14f28 (Wake Me Up - Roxas99mc),,,,
,,maps\14fdc (Losing My Religion - TechButterfly),,,,
,maps\152fa (Inspector Gadget Theme - Artjoms),,,,,
,,,maps\15364 (200% Russian 200% Crazy - Zeproide),,,
,,maps\15711 (Dragostea Din Tei - Dack),,,,
,,,maps\15758 (To France - HappyGLT),,,
,,,maps\157fa (The Middle - Bytrius),,,
,maps\1595b (Little Swing - Siloxbot),,,,,
,,maps\15c6 (Ghostbusters - Majorpickle),,,,
,,,,,,maps\1609d (Teenagers - Bytrius)
,,,maps\1650c (Woodkid - Run Boy Run - maxkoy),,,
,,,,,,maps\16725 (Blue (Da Ba Dee) - Skeelie)
,,,,,,maps\16730 (Welcome To The Black Parade - Checkthepan)
,,,,,,maps\16894 (Merry-Go-Round - Zelazowa)
,,,,,,maps\168b7 (Nightmare - Hard2Play)
,,,maps\16991 (Knight Rider - Fvrwvrd),,,
,,maps\16a46 (Out of Control - ProfessorTZ),,,,
,,maps\16a8d (Take Five - monstor),,,,
,,,,,,maps\16abf (The Nights - Nolanimations)
,,,,,,maps\16ac1 (Envy Baby - CoolingCloset & Nolanimations)
,,,maps\16b64 (Smash Bros. Ultimate - Lifelight (Camellias Hardstyle Bootleg) - Motrix),,,
,,,maps\16e70 (Hades - Scourge of the Furies - Sp234),,,
,,maps\16f (Crazy Frog - Axel F - goanna),,,,
,maps\16ff (Little Swing - ConnorJC),,,,,
,,,,,,maps\17302 (Beyond The Sea - Majorpickle)
,,maps\174dc (Follow You - QuestFormYT),,,,
,maps\17627 (Moves Like Jagger - ETAN),,,,,
,,maps\176df (Beat Saber OST Megamix - Alphabeat),,,,
,,,,,,maps\17717 (Landslide - Sniffyz)
,,maps\1772 (Duke Nukem Theme - FatalReality),,,,
,,,maps\177e9 (The Sharpest Lives - Call me Daddy & Bytrius),,,
,,,maps\178bc (Dark Side - nitronik.exe),,,
,,,maps\17e43 (Compute It With Some Devilish Alcoholic Steampunk Engines - Literal Furry Garbage),,,
,,,maps\17f0c (Hades - The Painful Way - Sp234),,,
,,maps\17f22 (Trouble - Bytrius),,,,
,,maps\18084 (Go Your Own Way - Storm Knight),,,,
,maps\180e8 (Moonlight - HypersonicSharkz),,,,,
,,maps\1824 (Love You Back - r0m1net),,,,
,,maps\184df (Payphone - nolan121405),,,,
,,,,,,maps\18719 (Another Day of Sun - Blistering)
,maps\18774 (Its Been So Long - shrado & Schwank),,,,,
,,,maps\188a (Weapon of Choice - freeek),,,
,,,maps\188b1 (Come Alive - Fatalution),,,
,maps\188ba (Popular Monster - muffn & altrewin),,,,,
,,,maps\18aed (Black Sheep - Ryger),,,
,maps\18f5d (Centipede - SlimyBlob & Bloo),,,,,
,,,,,,maps\18f8 (Build That Wall (Bastion OST) - silentcaay)
,,,maps\19227 (Sex Is On Fire - Alekcake),,,
,,,maps\198ba (Hades - The Unseen Ones - Sp234),,,
,,,,,,maps\19bdf (505 - ApolloFGC)
,,,,,,maps\19bf8 (Grace Kelly - Cocci)
,,,maps\19edc (The Rock Show - SantaKlau),,,
,,,maps\19fa (Art Of Doubt - r0m1net),,,
,,maps\1a0b6 (Empires - Nixie.Korten),,,,
,maps\1a0b7 (Lost In The Rhythm - Nixie.Korten),,,,,
,maps\1a0b8 (Party Like Its 1920 - Nixie.Korten),,,,,
,maps\1a0b9 (Lone Digger - Nixie.Korten),,,,,
,maps\1a0ba (Hit The Road Jack - Nixie.Korten),,,,,
,maps\1a0bb (Golden Hour - Nixie.Korten),,,,,
,,maps\1a0bc (Looking Like This - Nixie.Korten),,,,
,maps\1a0bd (Delight - Nixie.Korten),,,,,
,maps\1a0be (Wonderland - Nixie.Korten),,,,,
,,,,,,maps\1a319 (Paradise by the Dashboard Light - TechButterfly)
,,,,,,maps\1a844 (Demons - Z-ANESaber)
,maps\1acce (STAY - RFCaps & FatBeanzoop),,,,,
,,,,,,maps\1adae (D E A T H W I S H - Helloiamdaan)
,,,maps\1b04b (All The Small Things - Bytrius),,,
,,"maps\1b1c4 (Look Alive, SunshineNa Na Na  - Bytrius)",,,,
,,,maps\1b64f (I Dont Care - Bytrius),,,
,,,maps\1ba55 (In the Shadows - Alekcake),,,
,maps\1bc1b (Manipulator - HellBoundLycan),,,,,
,,,maps\1bdb7 (Map of the Problematique - Sicsen),,,
,maps\1be3 (A Friend Like Me - johnyfirst),,,,,
,,,maps\1c047 (Baby Outlaw - SantaKlau),,,
,,maps\1c17f (Play - LoveLessDark),,,,
,,maps\1c453 (Skateaway - Tamias),,,,
,maps\1c4a4 (Wrecked - Abusify),,,,,
,,maps\1c60a (Beneath The Mask - Bytrius),,,,
,,maps\1c742 (Survival - Hazza),,,,
,maps\1cac0 (Sixteen Shots - Irahi & Kansas),,,,,
,,,,,,maps\1cb2f (Drill Sergeant  Psycho (no noodle) - Hazza)
,,,,,,maps\1cb68 (Main theme - Definite Edition - Sp234)
,,maps\1ccb9 (Pink Soldiers - nolan121405),,,,
,,,,maps\1ce50 (Pirates of the Caribbean Main Theme - Hazza),,
,,maps\1d358 (Rhythm of the Night - Bytrius),,,,
,,,maps\1d434 (Roll with It - Alekcake),,,
,,,,,maps\1d490 (The Spirit Tree - Sp234),
,maps\1d51e (Bliss - Hazza),,,,,
,,maps\1d572 (Big Girl (You Are Beautiful) - rodysan),,,,
,,maps\1d59f (Survival - jeremyab5),,,,
,,maps\1d742 (Enemy - Joetastic),,,,
,,,,,,maps\1d8f4 (Get Back - Alekcake)
,maps\1da27 (Fur Elise - Elecast),,,,,
,maps\1da3b (New Rules - Fireluke Gaming),,,,,
,,,maps\1dbe (I Love You - Quantitas),,,
,,,maps\1dcf4 (Bad Hatter - Nixie.Korten),,,
,,,maps\1dcf5 (Reflection - Nixie.Korten),,,
,,,maps\1dcf7 (Nightmare March - Nixie.Korten),,,
,,,maps\1dcf8 (Tokyo Neo Swing - Nixie.Korten),,,
,,,maps\1dcf9 (Future - Nixie.Korten),,,
,,,maps\1dcfa (Epilogue - Nixie.Korten),,,
,,maps\1e004 (Spitfire - S1MMZE & StapesStreams),,,,
,,maps\1e005 (She Knows How to Love Me [Fitbeat] - Scarladore),,,,
,,,,,,maps\1e323 (Ori and the Blind forest- Climbing The Ginso Tree - Sp234)
,"maps\1e6ff (Somewhere Out There - Swifter, Mawntee, Reddek)",,,,,
,,maps\1e710 (Bite Me - Bytrius),,,,
,,,"maps\1e8ed (Its Not A Fashion Statement, Its A Deathwish - Bytrius)",,,
,,maps\1e9d0 (Pretty Fly - Bytrius),,,,
,,,,maps\1ec95 (Dark Knight Rises Theme - Hazza),,
,,,,,,maps\1ee43 (Jingle Bells - Nixie.Korten)
,maps\1efff (Dance of the Sugar Plum Fairy [Fitbeat] - Scarladore & Irahi),,,,,
,,maps\1f2 (Hey Brother - chandoggie),,,,
,,,maps\1f23a (Assassin - Hazza),,,
,maps\1f243 (Dead Inside - Hazza),,,,,
,,maps\1f4cb (Everytime We Touch - Mystikmol),,,,
,,,maps\1f576 (Country Thunder - [Xavier]),,,
,,,maps\1f74 (Electro Velvet - Still in love with you - Ezalest),,,
,,,,,,maps\1f7d2 (Stan - Vadez)
,,,maps\1f90d (Midnight Amaretto - Aimedhades16 & Joshabi),,,
,,,,,,maps\1fccd (Escaping the Ruins - Sp234)
,,,maps\1fd41 (Zombified - Bytrius),,,
,,,,,,maps\1fe7 (Take me Out - freeek)
,,,,,,maps\1ff34 (Waiting On A Miracle - EmotionalFlight)
,maps\1ffbe (CTRL  ALT  DEL [Fitbeat] - Scarladore),,,,,
,maps\200bd (We Dont Talk About Bruno - Alice),,,,,
,maps\203bc (Here Comes The Sun - rodysan),,,,,
,,,maps\206c5 (Freaks [Fitbeat] - Scarladore),,,
,maps\2076a (Light Switch - Lekrkoekj),,,,,
,,,maps\20858 (Death By Rock And Roll - DNQ),,,
,,,,,,maps\20897 (Remember the Bastion - Zelazowa)
,,,,,,maps\20937 (Good Riddance - Zelazowa)
,,,,maps\209be (Detroit Become Human Theme - ikigai),,
,maps\20ac4 (About You - DeeDee),,,,,
,,,maps\20ad8 (Back in the USSR - Dtribe),,,
,maps\20b5b (Sail [Fitbeat] - Scarladore),,,,,
,,maps\20ba5 (Cirice - xcalinon),,,,
,,maps\20d18 (The Motto [Fitbeat] - Scarladore),,,,
,,maps\20d7 (Epic Sax Guy - Traswen),,,,
,,maps\20f1c (Breaking The Habit - Bytrius),,,,
,,maps\2136a (Without Me - Me),,,,
,,,maps\2144 (Shut Up and Dance - bennydabeast),,,
,,maps\21540 (Toxic - Emir),,,,
,maps\2163a (bad to the bone [Fitbeat] - Scarladore),,,,,
,,,maps\216bd (Song 2 - Joetastic),,,
,,maps\2174e (Follow Me - Sicsen),,,,
,,,,,,maps\217f1 (Teenagers - EmotionalFlight)
,,maps\21946 (Sugar (Lost Kings Remix) - DaftMaple),,,,
,,maps\21b9d (Holiday - Majorpickle),,,,
,,maps\21bdf (Wont Stand Down - Joetastic),,,,
,maps\21e23 (Butterflies & Hurricanes - StevenBTW),,,,,
,maps\21fb3 (The Magic Key - Bjorkless),,,,,
,,maps\22124 (Waiting For You [Fitbeat] - Scarladore),,,,
,,maps\2224 (Sweet Dreams (Are Made Of This) - Euxillion),,,,
,,"maps\2273 (You're A Mean One, Mr. Grinch - ConnorJC)",,,,
,,,,maps\2277 (Game of Thrones - Theme - phoenixeon),,
,maps\22b20 (I Hate Everything About You - Bytrius),,,,,
,,,maps\22c4d (Run Away [Fitbeat] (Epic Sax Guy) - Scarladore),,,
,,,,maps\22cf (Skyrim - Fishtick),,
,,,maps\2332 (Sia - Chandelier - Holair),,,
,maps\23571 (A Thousand Miles - EmotionalFlight),,,,,
,,maps\23598 (Bring Me To Life - Bytrius),,,,
,,,,,,maps\236c0 (The Defense - Joetastic & Bytrius)
,,,,,,maps\2373d (Boulevard of Broken Dreams - Faded 99)
,maps\238a (Dance of the Sugar Plum Fairy - aggrogahu),,,,,
,,maps\2394 (Are you gonna be my Girl - freeek),,,,
,,maps\23a91 (Instruction [Fitbeat] - Irahi & Scarladore),,,,
,,,maps\23ba0 (Man I Feel Like A Woman - the_salami_man),,,
,,,maps\23e7f (Dont Be so Hard on Yourself [Fitbeat] - Scarladore),,,
,,,maps\23f2e (Cut The Line - Bytrius),,,
,,,,,,maps\241dd (Uprising - MasterBeater)
,,,,maps\242 (The Queens Justice - speed),,
,,,maps\24505 (Bohemian Like You - TetsuBeats),,,
,,maps\245bd (I Think I'm Paranoid - Blackb1rd3),,,,
,,,maps\24907 (Get Em - Checkthepan),,,
,,,,maps\249f9 (Fallout 4 Main Theme - mmmyes),,
,,,maps\24bb8 (Girlfriend - Bytrius),,,
,maps\25051 (Cardio [Fitbeat] - Irahi & Scarladore),,,,,
,,maps\251dc (Bad Reputation - BePcioG),,,,
,,maps\251e1 (Origins - Fatalution & AkaBaka),,,,
,,maps\25763 (Dare To Be Stupid - TetsuBeats),,,,
,,,,,,maps\25a59 (Super Smash Bros Main Theme - Cpl. Onion)
,maps\25a6b (Supersonic - Dee-Dee),,,,,
,,,,,,"maps\25b41 (Setting Sail, Coming Home - RateGyro & FakePope)"
,,maps\25e9d (Spitfire - Dirty Alex),,,,
,,,maps\26204 (Dizzy - Luna),,,
,,,,maps\2644d (Stranger Things Theme - RustySpoons),,
,,,,,,maps\26565 (Fucked by a Country Boy - Sickmindedone)
,maps\265c1 (Another One Bites The Dust - Alekcake),,,,,
,,maps\265c2 (Hungry like the Wolf - Alekcake),,,,
,maps\266d0 (Spy x Family Electro Swing Cover - Nixie.Korten),,,,,
,,,maps\26bac (Pokemon Theme - RateGyro),,,
,,maps\26c95 (Default - TetsuBeats),,,,
,,maps\26e6a (Edamame [Fitbeat] - Irahi),,,,
,,,maps\26f6 (IGNITE - Joetastic),,,
,,,,,,maps\27140 (One More - DaftMaple)
,maps\271da (All Night - Nixie.Korten),,,,,
,,,maps\271dc (Butterfly - Nixie.Korten),,,
,,maps\271de (Ladies Night - Nixie.Korten),,,,
,,,,,,maps\271df (Perfume - Nixie.Korten)
,maps\271e0 (Light Up The Night - Nixie.Korten),,,,,
,,maps\271e1 (Mr Magpie - Nixie.Korten),,,,
,maps\271e2 (Silent Movie - Nixie.Korten),,,,,
,maps\271e3 (Wababa - Nixie.Korten),,,,,
,,maps\27225 (Sharks - Viper),,,,
,,,maps\27504 (The Walker - Alekcake),,,
,,,maps\27527 (I Will Survive - Mystream HBL),,,
,,maps\27547 (Gangnam Style - Aquaflee),,,,
,,,,,,maps\27661 (Animal I Have Become - Gage Corduck)
,,maps\2779f (Higher Ground - Scorefam & Faded 99),,,,
,,,maps\2797 (James Bond 007 Theme - Freezemizer),,,
,,maps\279f4 (King of the Conga - Andynak),,,,
,maps\27a1c (Potion - DaftMaple),,,,,
,maps\27a63 (You Hurt Me (Remix) - Bjorkless),,,,,
,maps\27ad9 (Symphony - Lekrkoekj & Faded99),,,,,
,,,maps\27c6a (Somebody Told Me - FeudBoyYT),,,
,,,maps\27fa8 (Missile - DNQ),,,
,,maps\27ff7 (Empires - SlimyBlob),,,,
,,maps\280b4 (Blur - Scorefam & Faded 99),,,,
,,,maps\28143 (Lost in Space Main Theme - AlephCubed),,,
,,maps\28240 (Bad Things - Bytrius),,,,
,,maps\282bd (Break a Sweat [Fitbeat] - Scarladore),,,,
,maps\2838a (Booty Swing - Melon),,,,,
,maps\283c8 (Sirens - En3rgized247),,,,,
,maps\283c9 (Jaws Theme Song - SaberBunnie),,,,,
,,,,,,maps\28469 (Half-Truism - oegoe)
,maps\284dd (Younger - Faded 99),,,,,
,,,maps\2853e ([JUMPS] Jump Around - Irahi),,,
,maps\28545 (Spend My time With You ( Electro Swing Remix ) - Frost),,,,,
,,maps\28566 (Oops!... I Did It Again Did It Again - chriscrow3),,,,
,maps\2856b (Perfect ( Electro Swing Remix ) - Frost),,,,,
,,,,,,maps\28d3e (In the Flame - Pyre - RateGyro)
,,,,maps\299d8 (Cornfield Chase - nasafrasa),,
,,,maps\29b22 (We Are Fucking Fucked - Nyrif),,,
,,,,,,maps\29b45 (Shake It Off - Groovy)
,,,,maps\2a097 (Skyrim Main Theme - WindRunner360),,
,maps\2a266 (Kevin - LoveLessDark),,,,,
,,,maps\2a283 (Run Boy Run - Vadez),,,
,,,maps\2a618 (Hysteria - Comyute),,,
,,,maps\2a760 (19-2000 - Emir & Z-ANESaber),,,
,maps\2a7f3 (Feel Good Inc. - Joetastic & Z-ANESaber),,,,,
,maps\2a7f4 (Clint Eastwood - Joetastic & OneSpookyBoi),,,,,
,maps\2aa65 (Rave in the Grave [Fitbeat] - Irahi & Scarladore),,,,,
,,maps\2ab5b (Handclap - Emir),,,,
,,,,,,maps\2b13 (Viva La Vida - Joetastic)
,maps\2b1bc (Spooky Scary Skeletons - Nixie.Korten),,,,,
,,"maps\2b3a5 (The Pretender - 1100ping_boi, LittleMaiden & benj)",,,,
,,maps\2b55e (Belly Dancer [Fitbeat] - Irahi),,,,
,maps\2b60d (S.T.A.Y. - Rklplol),,,,,
,,,"maps\2bbda (This Fffire - GojiCrafter,  OneSpookyBoi & Pink)",,,
,,maps\2c0ff (22 - Bitz & Joshabi),,,,
,,,,,,maps\2c21d (Move Your Body - DaftMaple)
,maps\2c326 (Tattoos - Nixie.Korten),,,,,
,maps\2c327 (Clash - Nixie.Korten),,,,,
,,maps\2c328 (Jolie Coquine - Nixie.Korten),,,,
,,maps\2c329 (Suzy - Nixie.Korten),,,,
,maps\2c345 (Leena - raaknys),,,,,
,maps\2c348 (Rock It For Me - Nixie.Korten & Bytrius),,,,,
,,maps\2c34a (Swingin Together - Nixie.Korten),,,,
,maps\2c395 (Dragons - Alice),,,,,
,,maps\2c4bc (Bambous - Andynak),,,,
,maps\2c4cb (Black Betty - DeeDee),,,,,
,maps\2c4d0 (Moonshine - DeeDee),,,,,
,,"maps\2c66c (MARENOL - Jabob, Bitz & Skeelie)",,,,
,maps\2c8d (In Circles (Transistor) - Tanneseph),,,,,
,maps\2c95a (Swing Balboa (Down On Riverside) - Ryger),,,,,
,maps\2ca0c (Knee Socks - Shark),,,,,
,,,maps\2ce05 (Pressure - FeudBoyYT),,,
,maps\2ce7b (Artillery - monstor),,,,,
,,,,,,maps\2d135 (1979 - JewelsVR)
,,,,,,maps\2d526 (Ori and the Blind Forest - Completing The Circle - Sp234)
,,,,,,maps\2d8be (Country Girl - Jabob)
,,maps\2dc7b (The Pretender - RoadmanReginald),,,,
,,maps\2dd2f (Robot Rock - Emilia),,,,
,,,maps\2dfda (Lady Madonna V2 - _cyber_man_),,,
,,,,,,maps\2e0bd (Waiting For Love - Nolanimations)
,,,,maps\2e49e (Fairy Fountain - Astra),,
,,maps\2e5ec (Out Of Tartarus - JaVRier),,,,
,maps\2e925 (Black Velvet - xxZAROKxx),,,,,
,maps\2ea67 (Bad Intentions [v3 Fitbeat] - Scarladore),,,,,
,,maps\2eb5 (Terminal March (Bastion) - Tanneseph),,,,
,,,,,,maps\2f0bd (Psycho - FeudBoyYT)
,maps\2f214 (Hep Cat Boogie - oegoe),,,,,
,,,maps\2f934 (The Carpal Tunnel Of Love - SeanR-5),,,
,,,,,,maps\2fac (Helter Skelter - groone)
,,,maps\2fb95 (Fist Fight[Fitbeat] - Scarladore),,,
,,,,,,"maps\2fcf0 (The Good, the Bad and the Ugly - unqlTango)"
,maps\2fed9 (Moscow - DaftMaple),,,,,
,maps\2ff04 (Eye Candy - Nixie.Korten),,,,,
,maps\3038 (Moves Like Jagger - fafurion),,,,,
,,,maps\30399 (We Are Fucking Fucked - FeudBoyYT),,,
,,maps\307e0 (Satisfaction - Tartuff_Ninja),,,,
,,,maps\30aaf (Its My Life (2023 Remap) - Joetastic),,,
,,maps\30b4b (Up [Fitbeat JUMPS] - Irahi),,,,
,,,maps\30d16 (Livin' on a Prayer (2023 Remap) - Joetastic & Stumi),,,
,,,maps\31090 (Six Feet Under - SUP3RMASS1VE),,,
,,,,,,maps\311f1 (Run to the Hills - Dtribe)
,maps\31699 (Engravings [Fitbeat] - Irahi),,,,,
,maps\31800 (Party Like Its 1923 - Nixie.Korten & nitronik.exe),,,,,
,,,,,,maps\318b1 (Dream On - Void_wil)
,maps\318f (Awaken - Joetastic),,,,,
,,,maps\319f (My songs know what you did in the dark - stumi),,,
,,,maps\32109 (Never Let Me Down Again - Sicsen),,,
,,,maps\325a (A Question Of Time - TYPHOON),,,
,,,maps\32693 (The Phoenix - Bytrius),,,
,,,,,,maps\32901 (The Sound of Silence - Undeceiver & symphonic)
,"maps\329d8 (Whenever, Wherever - DaftMaple)",,,,,
,,maps\32fa (LibraryOfRuina Bgm Theme02 - Dack),,,,
,,,,,,maps\33094 (Feel - wobbleorange)
,,maps\331e2 (Cha Cha Cha - SynthVenom),,,,
,,maps\33648 (Love! - P90KILLR),,,,
,maps\3398c (Shall We - Nixie.Korten),,,,,
,maps\3398d (Peeping Tom - Nixie.Korten),,,,,
,,maps\3398e (Lets Start Again - Nixie.Korten),,,,
,,maps\33a9 (Hey Mama - Joetastic),,,,
,maps\33b7d (Magic Man - oegoe & Nixie.Korten),,,,,
,,maps\33c2 (Drive By - Joetastic),,,,
,,,"maps\33cfe (Youre Gonna Go Far, Kid - GojiCrafter)",,,
,maps\33d33 (Aftermath - Matgenius04),,,,,
,,maps\33d3c (Dramaphone - Joetastic),,,,
,,maps\33f78 (Barbie Girl - Koreami),,,,
,,,maps\341b (Waterloo - guachitonico),,,
,,,maps\34402 (Roundtable Rival - Klondike),,,
,,,maps\3469e (Knights of Cydonia - FeudBoy_YT),,,
,,,maps\35083 (Through the Fire and Flames - SiriuX),,,
,,,,,,maps\35725 (Demons - RateGyro)
,,maps\357e (Call Me - majorpickle),,,,
,,,,,,maps\3580a (Here With Me - wobbleorange)
,,,,,maps\35a91 (God of the dead - Part 1 - SuperNova),
,,,maps\35a92 (God of the dead - Part 2 - SuperNova),,,
,"maps\35cde (Slim Shady - NoteBloqs, Cucorietka, Buggy)",,,,,
,maps\35d4b (Again - Nixie.Korten),,,,,
,maps\35d4c (Big Bad Wolf - Nixie.Korten),,,,,
,,,maps\35d4d (ASCENDANT BRASIER - Nixie.Korten),,,
,,maps\35f27 (Creep - 3DGE),,,,
,,maps\35ff (Glad You Came - Joetastic),,,,
,,,maps\360e0 (You Make Me Feel Like Its Halloween - FeudBoy_YT),,,
,,,maps\364fe (Bright Like Hollywood - Nixie.Korten),,,
,maps\36500 (Girl Lookin Good - Nixie.Korten),,,,,
,,,,,,maps\36571 (Minnie the Moocher - Nixie.Korten)
,,,,,,maps\3688b (Tetris 99 Main Theme - Ge99toro)
,,,,,,maps\36b6e (Max Payne Theme - AmirScofield)
,maps\36e51 (Prohibition - Nixie.Korten),,,,,
,maps\36e8c (Bring Me to Life - steeak),,,,,
,,maps\370cf (Wildstar - DaftMaple),,,,
,maps\3711e (Electro Swing Jazz - Andynak),,,,,
,,maps\3714d (Public Enemy Pt. 1 - Nixie.Korten),,,,
,maps\3720d (Vois sur ton chemin (Techno Mix) - DJD),,,,,
,,maps\373c0 (Say What - Nixie.Korten),,,,
,,maps\376e4 (Sound 104 - Nixie.Korten),,,,
,,,maps\37a26 (Mr. Brightside - Ootkovarma),,,
,,,,,,maps\37d6 (Game Of Thrones (theme) - majorpickle)
,maps\37f6c (What Will Santa Claus Say - Nixie.Korten),,,,,
,,,,maps\38053 (Doctor Who - The Shepards Boy - Murray Gold),,
,,,maps\3877e (Cherub Rock - Dtribe),,,
,maps\3898f (The Spoils - Undeceiver),,,,,
,maps\38993 (Walking On The Moon - Melon),,,,,
,,,maps\38eb (The Rockafeller Skank - heisenbergirl),,,
,,maps\38ff (Ievan Polkka - Fraktar),,,,
,,maps\39365 (Electro Swing - Andynak),,,,
,maps\39e32 (White Flag - OriginTT),,,,,
,,,maps\39f19 (i dont want this night to end - SaltyTBSL),,,
,maps\3a7fa (You Make Me Happy - Nixie.Korten),,,,,
,,,maps\3a97d (Party Rock Anthem - August & Maiden),,,
,,,,,,maps\3b0fd (Doomsday - Doctor Who - ScooWard)
,,,,,,maps\3b0ff (The Shepherds Boy - Doctor Who (diamond mountain version) - ScooWard)
,,,maps\3b101 (The Goblin Song - Doctor Who - ScooWard),,,
,,,,,,maps\3b4a0 (Dont Look Back In Anger - )
,,,maps\3b84 (Revenge - Joetastic),,,
,maps\3bfd6 (Eyes Closed - Uncouth),,,,,
,,,,,,maps\3c19 (Iron - Skeelie)
,,,maps\3d5cc (Tetris Theme - WDG_Inclxx),,,
,,,,,,maps\3d679 (Moonlight Sonata - JadenDaSweat2)
,,,maps\3d744 (Supermassive Black Hole - Kansas),,,
,,,,,,maps\3d98d (Revenge of the Orchestra [Fitbeat] - Irahi)
,,,,maps\3da9 (The Ecstasy of Gold - Rembies),,
,,,,,,maps\3db72 (Oblivion - ChlopherVR)
,,maps\3db94 (In & Out - Octavia),,,,
,,,maps\3db9e (Party Rock Anthem - Ootkovarma),,,
,,maps\3e27 (Barracuda - blackblazon),,,,
,,,maps\3e32f (Hysteria - noam15A),,,
,,maps\3f38 (Sk8er Boi - Joetastic),,,,
,,,,,,maps\3f99 (The Time Warp - crazyking321)
,maps\40ca (John the Revelator - helencarnate),,,,,
,,maps\410a (Eden - AmstradHero),,,,
,,maps\41c8 (Gimme! Gimme! Gimme! - pixelguymm),,,,
,,,,maps\41e7 (Star Wars - Battle of Endor Death Star Tunnel Run - waffletato),,
,,maps\424b (The Sims 3 - theme - kotysoft),,,,
,maps\453e (Omen - Interz),,,,,
,,,,,,maps\457a (Paper boats (feat. Ashley Barret) - exesax)
,,,,,,maps\45d8 (Praise You - crazyking321)
,,maps\46e9 (Benny Hill theme (short) - kotysoft),,,,
,,maps\480 (September - calijor),,,,
,,,maps\4820 (From The Inside - heisenbergirl),,,
,,,maps\489c (Ella Elle la - filletus),,,
,,,maps\48ab (The Sexy Brutale Theme - wolfb),,,
,,maps\4980 (Paradise - Joetastic),,,,
,,,maps\499 (Mr Brightside - raxtus),,,
,,maps\49ae (Shatter Me - nitronikexe),,,,
,maps\49e8 (Angels - KuritsaDBS),,,,,
,,,maps\49f0 (Cherry Lips (Go Baby Go) - AmstradHero),,,
,,,maps\49fc (You Give Love A Bad Name - Joetastic),,,
,,maps\4a35 (Animals (Radio Edit) - AnniversaryTeam),,,,
,maps\4c12 (Undertale - His Theme - BobBobinton),,,,,
,,maps\4cf7 (Sucker - Joetastic),,,,
,maps\4d (The Mojo Radio Gang - fin),,,,,
,,maps\4e2 (Imperfection - jenbles),,,,
,maps\4e7f (Call Me Maybe - Joetastic),,,,,
,,,,,,maps\4fa7 (Addicted To You - Adeza)
,,maps\4ff8 (Zombie - doubleUlan),,,,
,,,maps\5238 (Any Way You Want It - Joetastic),,,
,,,maps\5255 (ECHO - Joetastic),,,
,maps\52d4 (Guitarmass - Tewan),,,,,
,maps\5389 (On Top of the World - BennyDaBeast),,,,,
,maps\545c (Material Girl - Ryger),,,,,
,,,maps\55a5 (The Middle - Joetastic),,,
,,maps\55d9 (Heart of Glass - inakaguy),,,,
,,maps\55df (Panic Station - Lanox),,,,
,,,,,,maps\5648 (Vagrant Song - Wolfb)
,maps\56a8 (Walking On The Moon - KuritsaDBS),,,,,
,,,maps\570 (Mr. Blue Sky - greatyazer),,,
,,"maps\57b8 (Harder, Better, Faster, Stronger (Far Out Remix) - Heisenberg (Lights by Rexxz))",,,,
,,maps\5925 (Hardware Store - Joetastic),,,,
,,maps\5927 (Plug In Baby - DemonTony360),,,,
,,maps\5971 (Birds - Joetastic),,,,
,,maps\5a28 (Into The Groove - Majorpickle),,,,
,maps\5aa0 (I Wish - OkDisplay),,,,,
,,maps\5b9b (Hit & Run - Teuflum),,,,
,,maps\5bc1 (Propaganda - NovaShaft),,,,
,,,maps\5c83 (The Kids Arent Alright - Ris),,,
,,,maps\5cdb (Knights of the Sea - Wolfb),,,
,,maps\5d36 (Rapustin - Nightcore - SchnaizenTNT),,,,
,,,,maps\5d4 (Westworld theme - abethicke),,
,maps\5d4e (The Pretender - Barry Seggai & Light Ai),,,,,
,,maps\5d77 (Omen - Cadillactica),,,,
,maps\5e05 (Money For Nothing - Majorpickle),,,,,
,maps\5f15 (Walking on the Moon - DankruptMemer),,,,,
,,maps\5fa7 (Everywhere - Lexrax_VR),,,,
,,,,,,maps\601f (In My Mind   - By Amanda Palmer)
,,,,,,maps\60be (Jerk It Out - HappyGLT)
,,,,maps\61 (No Time For Caution - speed),,
,,,maps\63 (Run Boy Run - virtualturtle),,,
,maps\6381 (Moonshine - CyanSnow),,,,,
,,maps\6400 (In For The Kill  - Ab),,,,
,maps\6466 (Pink Nightmares - OkDisplay),,,,,
,maps\649e ([Electro Swing] Top Secret - KyleT),,,,,
,,,maps\64ad (Cant Get You Out of My Head - Kolezan),,,
,maps\65c9 (Sweet Dreams (Are Made Of This) - Joetastic),,,,,
,,maps\664d (New York New York - Dj Jysbs),,,,
,"maps\666f (Demons Of Pain (Kova, Impact Groove Remix) - Viruz51)",,,,,
,maps\66e6 (Legends Never Die - KikaeAeon),,,,,
,,,maps\68db (Ground Theme (2016 Mix) - Creeel),,,
,,maps\6905 (Stan the Man - Opaelyx),,,,
,,,maps\6a8b (Wheels - Joshyy),,,
,,maps\6ca4 (Midnight - sausages),,,,
,,,maps\6d04 (Dragula - CyanSnow),,,
,,maps\6d19 (Stranger Things Theme Remix - JohnnyDee),,,,
,maps\6d1f (End Of The Road - KuritsaDBS),,,,,
,maps\6d96 (Phoenix - Halcyon12),,,,,
,maps\6df7 (The Messenger  - Chinatsu9932),,,,,
,,,,maps\6e (Skyrim Theme - redknight),,
,,,,,,maps\6eb (Through the Cellar Door - mahekaru)
,,,maps\7270 (Gone Away - Doughber),,,
,maps\72ad (Whiplash - splee),,,,,
,maps\72eb (Underground - Awagi),,,,,
,,maps\747 (Technologic - awfulnaut),,,,
,,,maps\75cd (Help (1965) - Lexrax_VR),,,
,maps\76e5 (Bark - OkDisplay),,,,,
,maps\76f6 (Bad Boy Good Man - Klexx),,,,,
,,maps\77b9 (Just Lose It - Heisenberg),,,,
,,maps\77d5 (Not Gonna Get Us - noxn),,,,
,,,"maps\7871 (Hello, Goodbye - Toga)",,,
,,,,,,maps\7959 (Still Loving You - Pixxly Cube)
,,maps\7b68 (First of the Year - xScaramouche & Checkthepan & Halcyon12),,,,
,maps\7cda (Demons - officialMECH),,,,,
,maps\7d45 (Enjoy The Silence - HappyGLT),,,,,
,,,maps\7d7c (Barbra Streisand - Joetastic),,,
,,maps\7d92 (Im so sorry - FlameDropsIn),,,,
,,maps\7dd2 (Sunset Jesus - CyanSnow),,,,
,,maps\7e4f (Abracadabra - TechButterfly),,,,
,,,,,,maps\7e92 (Adventure of a Lifetime - Timeweaver)
,maps\7fa7 (Undisclosed Desires - KuritsaDBS),,,,,
,,,maps\7fac (Crimson Bow and Arrow - Tricksy Hobbitses),,,
,,maps\849a (Sandstorm - Skyler Wallace),,,,
,,maps\86b7 (Crazy Little Thing Called Love - Majorpickle),,,,
,,maps\86f9 (Golden Eye - SantaKlau),,,,
,,,,,,maps\8786 (Paradise City - Majorpickle)
,,,,,,maps\88b3 (Somethin' Stupid - janez)
,maps\899f (Try - yont0n),,,,,
,,maps\8b21 (Invaders Must Die - AmstradHero),,,,
,maps\8cf3 (Lose Yourself - jahoo),,,,,
,,,maps\8dc3 (The Phoenix - Sir Wali),,,
,,maps\8e13 (Brotherswing - Booj),,,,
,,,,,,maps\8f0b (Rest in Peace (ft.  Spike) - CourageousCat)
,maps\8fec (Obstacles - anonymesgo),,,,,
,,,maps\90c3 (Centuries - Ab & Qwasyx),,,
,maps\91f9 (Saeed - Interz),,,,,
,maps\9336 (Crystallize - pkdan),,,,,
,maps\937a (Sweet Dreams - Z-ANESaber),,,,,
,,maps\943e (The Only Thing They Fear is You - Skyler Wallace),,,,
,maps\94d8 (Superstition - TechButterfly),,,,,
,,maps\959f (Elefuntanz - Amuga),,,,
,maps\969c (Ani Mevushal - short version - Bailvik),,,,,
,,,maps\96f1 (Hey Julie - TechButterfly),,,
,,,maps\96ff (Warriors (2020 ReMap) - Stumi),,,
,,maps\973a (U R So Fucked - Joetastic),,,,
,,,maps\9953 (Those Who Fight Further - Joetastic),,,
,,,maps\9956 (Help Me - Alzaraf),,,
,,maps\9a0c (Thnks fr th Mmrs - Hamsta),,,,
,,maps\9ac4 (Talking in Your Sleep - TechButterfly),,,,
,,"maps\9b5e (Lo, Hi - TomSoya)",,,,
,,maps\9ca2 (Heart Upon My Sleeve - Oleenick),,,,
,maps\9cd8 (Bass Nipple - Interz),,,,,
,,maps\9d65 (Uptown Girl - noxn),,,,
,maps\9dcb (Amos Moses - TechButterfly),,,,,
,,maps\9eef (It Ends Tonight - Bytrius),,,,
,,,,,,maps\9f6c (Out of Tartarus - Zelazowa)
,,maps\a182 (Get Lucky - FireStrike),,,,
,,maps\a1f (Get Lucky - pook),,,,
,,maps\a283 (Jump - Majorpickle),,,,
,,,,,,maps\a31a (How You Remind Me [Z-ANESaber] - Z-ANESaber)
,,maps\a362 (Godzilla - whaenth),,,,
,,,,,,maps\a465 (The Chain - TechButterfly)
,,,maps\a708 (The Office Theme - KyleT),,,
,,maps\a7b8 (D is for Dangerous - Hamsta),,,,
,,,,,,maps\a933 (Into the unknown - cookie)
,,maps\aa6c (I Kissed A Girl - Sanguine143Panda),,,,
,,,,,,maps\ac0a (Hornet - SkaiaMechanic)
,maps\ad58 (Spitfire - Pixxly Cube),,,,,
,maps\ae3c (Bruises - Checkthepan),,,,,
,,,maps\b0b5 (Paranoid - ggdruber),,,
,,,,,,maps\b1a2 (Sweet Child Of Mine - Majorpickle)
,maps\b1c1 (More Of Just The Same - Interz),,,,,
,,maps\b285 (You Oughta Know - pretzelcoatl),,,,
,,,,,,maps\b3 (Hysteria - rake5000)
,,,maps\b33f (Exs & Ohs - Sanguine143Panda),,,
,,,maps\b378 (James Bond Theme - janez),,,
,maps\b44f (Becoming Insane - JohnnyDee),,,,,
,maps\b4ae (Smashing the Opponent - Rexxz),,,,,
,,,,,,maps\b7b1 (No Rain - TechButterfly)
,,maps\ba26 (Bella Belle - Lanox),,,,
,,maps\bbb9 (Muse Breaks - OkDisplay),,,,
,,maps\bd1a (Party Like Its 1923 - Yimoo),,,,
,,,maps\bd45 (Never Gonna Give You Up - KyleT),,,
,,,,,,maps\bdc7 (Thats Life - TechButterfly)
,maps\c3db (Becoming Insane - Rexxz),,,,,
,,maps\c61 (Glimpse of Love - morlokx),,,,
,maps\c7 (Interstellar (Ben Walter Remix) - robertmorr),,,,,
,maps\cb0e (Walk of Life - TechButterfly),,,,,
,,maps\d034 (Blue  - EpicEwok),,,,
,,maps\d221 (Give it 2 me - EPG7ENS),,,,
,,maps\d6a6 (Fuji Opener (Virtual Riot & Xomega Remix) - pkdan),,,,
,,,,,maps\d96f (Xronial Xero - Foxy Boi & altrewin),
,,maps\d98 (Catgroove (Yazer) - greatyazer),,,,
,,,maps\da60 (Midnight Lady - Reaxt),,,
,maps\daf3 (What Youre Made Of - Sanguine143Panda),,,,,
,,,,,,maps\dd86 (Weight of the World - Bytrius)
,,maps\ddac (Addicted to Love - TechButterfly),,,,
,,maps\e7bb (Trainwreck of Electro Swing - Pixelguy & CyanSnow),,,,
,,,,maps\eb5e (Guardian Battle - TheMadface80),,
,"maps\ebb (Do I Wanna Know,  - freeek)",,,,,
,,,,,,maps\ef5a (Blackbird - EmotionalFlight)
,maps\f52f (Hello - LoveLessDark),,,,,
,,maps\f748 (Square Hammer - Ris),,,,
,,,,,,maps\fad0 (Doctor Who XI - Funky_russian_warpack)
,,maps\fcbe (Time Warp - Filletus),,,,
,,maps\fd (Rasputin-Boney M - jobas),,,,
,,maps\fd24 (Thriller  - Majorpickle),,,,
,maps\fdcd (Walk Through the Fire - Axel Hunter),,,,,
,maps\fe6 (The Pretender - dankruptmemer),,,,,
,maps\magic_key,,,,,
